_id,title,description,sku,price,size,imageLink,slug,category
8c0f5b7a-2a72-49f3-ae47-94d1d9174257,Small Steel Bacon,"The Nagasaki Lander is the trademarked name of several series of Nagasaki sport bikes, that started with the 1984 ABC800J",UQZ-207,257.00,H,http://primary-touch.net,small-steel-bacon,Tools
5c171605-d120-4c83-8671-9293bc58b6cd,Awesome Rubber Mouse,"Boston's most advanced compression wear technology increases muscle oxygenation, stabilizes active muscles",PVN-677,479.00,Q,https://plastic-inhabitant.biz,awesome-rubber-mouse,Clothing
006a7961-1875-4872-a57b-ad925f05d556,Tasty Metal Chips,"The Nagasaki Lander is the trademarked name of several series of Nagasaki sport bikes, that started with the 1984 ABC800J",YYQ-212,527.00,M,http://relieved-fall.org,tasty-metal-chips,Computers
a858904b-68ac-4c3e-a28c-f41356d4e40d,Handmade Metal Shoes,"The Apollotech B340 is an affordable wireless mouse with reliable connectivity, 12 months battery life and modern design",PBG-135,860.00,L,https://whole-probability.name,handmade-metal-shoes,Movies
5990a5d8-7e7c-45d2-b12b-32f2ade329a6,Awesome Rubber Bacon,"New ABC 13 9370, 13.3, 5th Gen CoreA5-8250U, 8GB RAM, 256GB SSD, power UHD Graphics, OS 10 Home, OS Office A & J 2016",ZME-227,792.00,L,http://evil-courage.info,awesome-rubber-bacon,Grocery
2f81efcb-ac01-49b6-941c-4be82b8cce33,Modern Frozen Keyboard,Ergonomic executive chair upholstered in bonded black leather and PVC padded seat and back for all-day comfort and support,KCS-191,920.00,Z,http://paltry-riot.com,modern-frozen-keyboard,Tools
41e6f078-9319-4b3f-a7c0-d71dbc824df0,Generic Plastic Gloves,"Boston's most advanced compression wear technology increases muscle oxygenation, stabilizes active muscles",HMF-725,133.00,P,http://private-society.net,generic-plastic-gloves,Music
767d19ff-b0d6-4f39-b3bd-05c98ff6816a,Unbranded Rubber Towels,"Boston's most advanced compression wear technology increases muscle oxygenation, stabilizes active muscles",KBQ-669,864.00,N,http://conventional-fanny-pack.info,unbranded-rubber-towels,Health
efff5b82-d501-42c1-afd2-9bd51d1df350,Oriental Metal Keyboard,Carbonite web goalkeeper gloves are ergonomically designed to give easy fit,CZV-252,410.00,Q,http://realistic-suite.biz,oriental-metal-keyboard,Music
6ce679e3-0e97-4014-a6ad-d8fc00cf4c13,Rustic Granite Cheese,"The automobile layout consists of a front-engine design, with transaxle-type transmissions mounted at the rear of the engine and four wheel drive",MIZ-971,660.00,X,https://unimportant-bracket.com,rustic-granite-cheese,Books
45470af5-65ac-4d20-83eb-dae3aafc1cde,Unbranded Soft Salad,"The Apollotech B340 is an affordable wireless mouse with reliable connectivity, 12 months battery life and modern design",KTX-815,306.00,T,http://heavenly-coinsurance.com,unbranded-soft-salad,Music
f7f65aef-948f-4891-878f-0709cb4f39d0,Recycled Frozen Shirt,The Football Is Good For Training And Recreational Purposes,PAZ-908,602.00,X,http://somber-smelting.net,recycled-frozen-shirt,Home
be99b395-e7ab-4f57-acdc-e995b636886b,Tasty Steel Mouse,Carbonite web goalkeeper gloves are ergonomically designed to give easy fit,TZX-974,55.00,M,https://impractical-raft.org,tasty-steel-mouse,Sports
3b286174-e02d-4207-9bce-f47e7e217b79,Oriental Frozen Gloves,"The Nagasaki Lander is the trademarked name of several series of Nagasaki sport bikes, that started with the 1984 ABC800J",ASD-750,929.00,S,https://other-grey.biz,oriental-frozen-gloves,Beauty
6635d13a-a299-4121-b004-51108efd7231,Incredible Wooden Pizza,"New ABC 13 9370, 13.3, 5th Gen CoreA5-8250U, 8GB RAM, 256GB SSD, power UHD Graphics, OS 10 Home, OS Office A & J 2016",SZD-631,594.00,T,http://wary-honey.name,incredible-wooden-pizza,Movies
ab3347d5-86c9-4654-a849-7c5745222fe0,Luxurious Bronze Soap,The Football Is Good For Training And Recreational Purposes,VVU-330,758.00,T,https://our-action.name,luxurious-bronze-soap,Clothing
2ec1cefa-7b0f-48cb-8cdb-7fad15240c53,Licensed Plastic Towels,Carbonite web goalkeeper gloves are ergonomically designed to give easy fit,HZN-341,753.00,H,http://willing-bean.name,licensed-plastic-towels,Clothing
06fcd560-4f17-437e-b48f-a606b0ea7ed0,Incredible Frozen Bike,The Football Is Good For Training And Recreational Purposes,QYB-140,365.00,J,https://grounded-e-book.name,incredible-frozen-bike,Home
3ecdad95-d540-40b9-9e86-8ae7c86f5ecd,Rustic Wooden Pants,"The Nagasaki Lander is the trademarked name of several series of Nagasaki sport bikes, that started with the 1984 ABC800J",JVT-234,372.00,Q,http://genuine-dip.net,rustic-wooden-pants,Toys
7e547fd0-7376-4cff-a3b9-230cf3491e32,Handmade Steel Mouse,The beautiful range of Apple Naturalé that has an exciting mix of natural ingredients. With the Goodness of 100% Natural Ingredients,XZS-131,280.00,X,https://clever-tavern.org,handmade-steel-mouse,Health
5c931dc0-4fcb-47b6-82a7-31aa10a23aed,Refined Steel Hat,New range of formal shirts are designed keeping you in mind. With fits and styling that will make you stand apart,CHC-543,659.00,Y,https://dependent-jute.com,refined-steel-hat,Computers
eda57b51-1833-4914-abe2-d576d8b4f146,Awesome Rubber Towels,The Football Is Good For Training And Recreational Purposes,RGL-945,89.00,W,http://calculating-cornmeal.net,awesome-rubber-towels,Electronics
1fd761e6-6de0-49ca-b4cc-98176e86e462,Luxurious Steel Hat,"Andy shoes are designed to keeping in mind durability as well as trends, the most stylish range of shoes & sandals",ZBM-828,660.00,A,http://heartfelt-west.biz,luxurious-steel-hat,Baby
9dd043d9-665b-485c-8da6-2155ac088756,Rustic Rubber Cheese,New range of formal shirts are designed keeping you in mind. With fits and styling that will make you stand apart,FDZ-263,803.00,Y,https://sane-chandelier.info,rustic-rubber-cheese,Industrial
7560daab-c844-483d-ac49-90f17890d111,Licensed Steel Salad,"Andy shoes are designed to keeping in mind durability as well as trends, the most stylish range of shoes & sandals",DLO-369,355.00,I,https://unselfish-twist.biz,licensed-steel-salad,Games
a9dd8003-1879-4d8b-9a5a-db047e0a946f,Sleek Cotton Chips,"Boston's most advanced compression wear technology increases muscle oxygenation, stabilizes active muscles",DRZ-289,413.00,K,http://kindhearted-poem.info,sleek-cotton-chips,Health
ad4adea3-8db5-44ca-a346-b7b395a9d452,Electronic Concrete Mouse,Ergonomic executive chair upholstered in bonded black leather and PVC padded seat and back for all-day comfort and support,HWE-431,541.00,K,http://odd-cardigan.net,electronic-concrete-mouse,Grocery
f443d0c4-f923-4b0e-bca5-7098acc9bcf7,Luxurious Rubber Soap,"The automobile layout consists of a front-engine design, with transaxle-type transmissions mounted at the rear of the engine and four wheel drive",ZLB-882,126.00,G,http://spotless-brick.info,luxurious-rubber-soap,Grocery
4aa9a598-8036-4276-ab32-c8eec0147d61,Gorgeous Frozen Mouse,"The Nagasaki Lander is the trademarked name of several series of Nagasaki sport bikes, that started with the 1984 ABC800J",MDZ-117,663.00,H,https://difficult-catch.info,gorgeous-frozen-mouse,Automotive
42004593-c072-48f5-a48b-1c124774841d,Generic Concrete Soap,"The automobile layout consists of a front-engine design, with transaxle-type transmissions mounted at the rear of the engine and four wheel drive",UIP-892,907.00,Z,https://our-decimal.net,generic-concrete-soap,Toys
14c9a615-7200-41f6-9a0c-9a58f83ec195,Fantastic Plastic Ball,"The Nagasaki Lander is the trademarked name of several series of Nagasaki sport bikes, that started with the 1984 ABC800J",PZD-370,892.00,N,http://gorgeous-outline.net,fantastic-plastic-ball,Baby
b429b58e-311f-4df2-b067-2596d8315f63,Elegant Granite Chair,"The Apollotech B340 is an affordable wireless mouse with reliable connectivity, 12 months battery life and modern design",NMI-311,165.00,Y,http://dismal-salon.info,elegant-granite-chair,Home
7f8541f1-5b58-42c1-a98f-2bc2bd09dac8,Handcrafted Metal Car,"Boston's most advanced compression wear technology increases muscle oxygenation, stabilizes active muscles",BRC-619,958.00,X,https://yearly-characterization.net,handcrafted-metal-car,Tools
c5f3bce2-bead-404a-8c2b-00f04dc5a205,Small Granite Bike,New range of formal shirts are designed keeping you in mind. With fits and styling that will make you stand apart,XRG-735,851.00,X,http://international-nightingale.net,small-granite-bike,Baby
36445654-6857-47de-885c-4a8186a67ce0,Sleek Concrete Shoes,New range of formal shirts are designed keeping you in mind. With fits and styling that will make you stand apart,KVX-396,66.00,C,https://several-broker.com,sleek-concrete-shoes,Jewelery
cd0ebb36-8f15-4829-a0c0-b7c75d3c7b86,Luxurious Frozen Towels,"New ABC 13 9370, 13.3, 5th Gen CoreA5-8250U, 8GB RAM, 256GB SSD, power UHD Graphics, OS 10 Home, OS Office A & J 2016",TLL-956,320.00,D,https://attractive-mower.name,luxurious-frozen-towels,Movies
a751e4aa-9fd5-4127-b8d8-e4f5e2df7b36,Ergonomic Rubber Soap,"The Apollotech B340 is an affordable wireless mouse with reliable connectivity, 12 months battery life and modern design",ZWZ-583,114.00,B,http://palatable-snowboarding.name,ergonomic-rubber-soap,Home
442202d3-20fa-4c28-9394-746c9f871751,Refined Plastic Bacon,"Boston's most advanced compression wear technology increases muscle oxygenation, stabilizes active muscles",UOR-165,98.00,G,https://diligent-worship.org,refined-plastic-bacon,Tools
5012b966-13b5-48bf-882b-793fbb155f25,Sleek Steel Ball,Ergonomic executive chair upholstered in bonded black leather and PVC padded seat and back for all-day comfort and support,JPS-514,382.00,S,https://horrible-impression.org,sleek-steel-ball,Garden
ab5e04ed-bef7-46cd-86b8-9e4b6b7b461b,Intelligent Soft Cheese,"The automobile layout consists of a front-engine design, with transaxle-type transmissions mounted at the rear of the engine and four wheel drive",LGS-725,38.00,C,https://red-pattern.net,intelligent-soft-cheese,Baby
dc4f144d-175d-4b6d-a2ad-77ab1071cd8b,Licensed Fresh Sausages,The Football Is Good For Training And Recreational Purposes,UQD-984,624.00,Z,http://dopey-toad.info,licensed-fresh-sausages,Automotive
6f20252f-1d55-491c-8c56-7a52a14a1534,Licensed Fresh Chips,"Boston's most advanced compression wear technology increases muscle oxygenation, stabilizes active muscles",EYI-926,50.00,L,http://personal-intercourse.org,licensed-fresh-chips,Automotive
bbfc1646-52ab-4beb-8f9d-d756bb76302f,Unbranded Metal Gloves,New range of formal shirts are designed keeping you in mind. With fits and styling that will make you stand apart,OUA-379,457.00,R,http://crushing-greenhouse.com,unbranded-metal-gloves,Home
c8b5fdb9-eff2-48c3-8073-6d3e4f18a7fb,Elegant Frozen Ball,"The Nagasaki Lander is the trademarked name of several series of Nagasaki sport bikes, that started with the 1984 ABC800J",SYJ-727,356.00,W,https://helpful-orangutan.name,elegant-frozen-ball,Toys
f401d94f-43d1-48c4-9057-fba8cbefffca,Intelligent Steel Shoes,"Boston's most advanced compression wear technology increases muscle oxygenation, stabilizes active muscles",BXL-970,727.00,Q,http://calculating-sprinter.name,intelligent-steel-shoes,Clothing
a060a00a-6184-4ab9-91cf-8ab6d9837c42,Awesome Soft Pizza,"Boston's most advanced compression wear technology increases muscle oxygenation, stabilizes active muscles",AZR-858,841.00,R,http://threadbare-arch-rival.info,awesome-soft-pizza,Games
06a1d9a0-9d61-40a3-9156-f55ab3ac7681,Rustic Cotton Pants,"Boston's most advanced compression wear technology increases muscle oxygenation, stabilizes active muscles",CJH-474,834.00,L,http://hasty-hearing.info,rustic-cotton-pants,Games
eaa1cbc4-afb0-49bc-a77c-68bba04dfef7,Generic Granite Cheese,The Football Is Good For Training And Recreational Purposes,ZGT-482,321.00,G,https://male-receiver.com,generic-granite-cheese,Garden
93556d3d-8a90-4ef9-a119-be9c10997066,Oriental Plastic Pants,"New ABC 13 9370, 13.3, 5th Gen CoreA5-8250U, 8GB RAM, 256GB SSD, power UHD Graphics, OS 10 Home, OS Office A & J 2016",KXC-772,888.00,A,http://outlandish-zone.name,oriental-plastic-pants,Clothing
b8dd5e21-6d30-4447-9912-30adcc65a845,Incredible Fresh Mouse,"The Nagasaki Lander is the trademarked name of several series of Nagasaki sport bikes, that started with the 1984 ABC800J",YYX-149,273.00,G,https://worthy-compromise.name,incredible-fresh-mouse,Sports
710d2da7-5899-40db-94ea-f5aa6702d129,Modern Steel Salad,"Boston's most advanced compression wear technology increases muscle oxygenation, stabilizes active muscles",HJA-508,288.00,O,https://speedy-idiot.com,modern-steel-salad,Health
5b1471d9-bcaf-4030-9adb-b75528bd88ff,Electronic Steel Fish,"New ABC 13 9370, 13.3, 5th Gen CoreA5-8250U, 8GB RAM, 256GB SSD, power UHD Graphics, OS 10 Home, OS Office A & J 2016",UEL-828,726.00,P,http://defensive-newsstand.biz,electronic-steel-fish,Kids
db3ec896-5eb8-4adb-9eb3-8af8ded28290,Tasty Wooden Shoes,The Football Is Good For Training And Recreational Purposes,KHN-658,226.00,K,http://astonishing-conception.net,tasty-wooden-shoes,Shoes
d0039396-0ac0-460d-8480-f7d06b9f3c32,Licensed Granite Table,"The automobile layout consists of a front-engine design, with transaxle-type transmissions mounted at the rear of the engine and four wheel drive",RKG-186,816.00,J,https://delicious-dhow.name,licensed-granite-table,Music
e536c50e-5207-4414-80bd-7a3a0c2f14b8,Handmade Rubber Car,"New ABC 13 9370, 13.3, 5th Gen CoreA5-8250U, 8GB RAM, 256GB SSD, power UHD Graphics, OS 10 Home, OS Office A & J 2016",SRB-660,958.00,R,https://spectacular-injury.org,handmade-rubber-car,Beauty
92898f7b-3150-4217-afd9-f7d311eb5620,Modern Rubber Salad,"Boston's most advanced compression wear technology increases muscle oxygenation, stabilizes active muscles",JLF-341,451.00,J,https://grim-lollipop.net,modern-rubber-salad,Movies
dd2d0a5c-aa8a-44f5-b6d8-3857f7076896,Modern Concrete Bacon,Ergonomic executive chair upholstered in bonded black leather and PVC padded seat and back for all-day comfort and support,QZT-152,809.00,N,https://eminent-associate.net,modern-concrete-bacon,Electronics
31a947d8-7e07-4e19-8284-d351bdda9498,Practical Bronze Cheese,"The Apollotech B340 is an affordable wireless mouse with reliable connectivity, 12 months battery life and modern design",AAE-586,624.00,Z,https://unwelcome-robotics.net,practical-bronze-cheese,Sports
01d04a66-1203-4ce2-a55f-49b61d3d269a,Awesome Rubber Ball,"The automobile layout consists of a front-engine design, with transaxle-type transmissions mounted at the rear of the engine and four wheel drive",AAL-586,802.00,H,https://frigid-scooter.net,awesome-rubber-ball,Outdoors
7fb9451c-b7b5-483b-947e-36d796795859,Rustic Bronze Salad,"The Nagasaki Lander is the trademarked name of several series of Nagasaki sport bikes, that started with the 1984 ABC800J",VOG-836,488.00,Z,http://grotesque-cytokine.com,rustic-bronze-salad,Automotive
41247b9c-4a17-439f-9694-e37783fa3abc,Handmade Fresh Sausages,"Boston's most advanced compression wear technology increases muscle oxygenation, stabilizes active muscles",LGZ-891,250.00,V,https://rapid-misplacement.biz,handmade-fresh-sausages,Health
2858f133-a390-4d93-9a53-7fa8a18c895b,Handcrafted Steel Shirt,The beautiful range of Apple Naturalé that has an exciting mix of natural ingredients. With the Goodness of 100% Natural Ingredients,EZU-622,558.00,T,http://reflecting-waiver.net,handcrafted-steel-shirt,Garden
8b850930-fe5a-4bd3-bf52-a852d33d8aab,Luxurious Cotton Chair,"Boston's most advanced compression wear technology increases muscle oxygenation, stabilizes active muscles",THH-978,8.00,O,http://extroverted-elm.biz,luxurious-cotton-chair,Automotive
cc7a781b-3909-4d8c-a3d5-646d03047b1e,Sleek Granite Computer,The Football Is Good For Training And Recreational Purposes,ARA-984,596.00,F,http://dapper-worship.net,sleek-granite-computer,Clothing
0da3a7ee-bedc-4d86-b4c4-e1ff5348ebbe,Unbranded Frozen Pants,New range of formal shirts are designed keeping you in mind. With fits and styling that will make you stand apart,GXJ-273,169.00,W,https://whirlwind-chalice.com,unbranded-frozen-pants,Industrial
34d39003-1dd9-440d-86fd-21f7a4238e82,Gorgeous Steel Ball,"The Apollotech B340 is an affordable wireless mouse with reliable connectivity, 12 months battery life and modern design",JOH-564,650.00,R,http://required-photographer.name,gorgeous-steel-ball,Automotive
273701e2-91e5-45de-963e-34ecf738e1f9,Recycled Cotton Bike,New range of formal shirts are designed keeping you in mind. With fits and styling that will make you stand apart,XUD-622,303.00,R,https://bumpy-roster.biz,recycled-cotton-bike,Music
91460e24-1bbf-4d1c-98a8-2834f4c39b7f,Tasty Metal Chips,The slim & simple Maple Gaming Keyboard from Dev Byte comes with a sleek body and 7- Color RGB LED Back-lighting for smart functionality,FRU-267,549.00,J,https://hasty-candidacy.com,tasty-metal-chips,Games
b43616d0-a183-4629-8276-9cc928557716,Oriental Granite Fish,Ergonomic executive chair upholstered in bonded black leather and PVC padded seat and back for all-day comfort and support,LHP-520,410.00,K,http://striped-flower.name,oriental-granite-fish,Home
01d163ad-ff80-48b1-8fd2-f3994a3be9f7,Generic Wooden Fish,"New ABC 13 9370, 13.3, 5th Gen CoreA5-8250U, 8GB RAM, 256GB SSD, power UHD Graphics, OS 10 Home, OS Office A & J 2016",LGL-529,264.00,B,http://parallel-hello.info,generic-wooden-fish,Beauty
dd036ede-6ede-4e7e-b344-51ee5c64c1a8,Awesome Fresh Sausages,Carbonite web goalkeeper gloves are ergonomically designed to give easy fit,ERU-123,755.00,B,https://advanced-bidder.com,awesome-fresh-sausages,Shoes
88354246-dd56-40f4-93ce-d87b17723af8,Small Concrete Mouse,"The Nagasaki Lander is the trademarked name of several series of Nagasaki sport bikes, that started with the 1984 ABC800J",OWQ-710,611.00,Q,https://vengeful-wing.name,small-concrete-mouse,Outdoors
5e9756d0-dc5c-48a4-b543-533ae3b6c4cf,Modern Cotton Gloves,New range of formal shirts are designed keeping you in mind. With fits and styling that will make you stand apart,XBN-339,616.00,K,https://mundane-freezing.com,modern-cotton-gloves,Movies
d7de1659-250f-4560-a3a0-df58782077d1,Bespoke Concrete Ball,Carbonite web goalkeeper gloves are ergonomically designed to give easy fit,MSW-536,417.00,Q,https://enormous-evening-wear.net,bespoke-concrete-ball,Garden
e3c6b44a-5b73-4539-b184-712af03688a2,Ergonomic Fresh Bike,"Andy shoes are designed to keeping in mind durability as well as trends, the most stylish range of shoes & sandals",LCX-394,741.00,P,https://unwitting-subroutine.info,ergonomic-fresh-bike,Beauty
6f115de3-32b2-4f07-9dfe-f86be174dec1,Awesome Fresh Mouse,The beautiful range of Apple Naturalé that has an exciting mix of natural ingredients. With the Goodness of 100% Natural Ingredients,OSV-969,180.00,Q,http://scary-generator.org,awesome-fresh-mouse,Sports
1d755c4d-8e02-466b-acb4-596a41e310bc,Oriental Fresh Table,The slim & simple Maple Gaming Keyboard from Dev Byte comes with a sleek body and 7- Color RGB LED Back-lighting for smart functionality,LKJ-190,772.00,I,http://hasty-lad.org,oriental-fresh-table,Industrial
7d45f043-ad4c-46d2-88f3-70e79fde9d7d,Licensed Plastic Bike,The slim & simple Maple Gaming Keyboard from Dev Byte comes with a sleek body and 7- Color RGB LED Back-lighting for smart functionality,ZUI-835,273.00,V,https://closed-end.name,licensed-plastic-bike,Games
99438be2-ebde-4be5-a2f5-5e5ec76894a9,Incredible Rubber Shoes,"The Apollotech B340 is an affordable wireless mouse with reliable connectivity, 12 months battery life and modern design",FIX-707,680.00,J,https://nasty-manor.com,incredible-rubber-shoes,Outdoors
53f2ed36-b28b-4e98-b921-fa802d728c8f,Recycled Concrete Soap,The Football Is Good For Training And Recreational Purposes,YUS-442,440.00,E,http://emotional-balloon.info,recycled-concrete-soap,Outdoors
80f4f0ca-d50e-4780-9447-7521fe145d31,Awesome Fresh Shirt,The Football Is Good For Training And Recreational Purposes,VZJ-585,194.00,T,https://creepy-schedule.info,awesome-fresh-shirt,Books
3a87b09e-d306-446e-93fb-459bcc00f98e,Tasty Rubber Pants,The slim & simple Maple Gaming Keyboard from Dev Byte comes with a sleek body and 7- Color RGB LED Back-lighting for smart functionality,LVG-585,452.00,Z,http://wet-school.org,tasty-rubber-pants,Home
c4f9fc80-851c-4438-b74b-d037d1bcc267,Modern Plastic Car,"The Nagasaki Lander is the trademarked name of several series of Nagasaki sport bikes, that started with the 1984 ABC800J",MYE-764,757.00,H,https://crisp-tinderbox.info,modern-plastic-car,Electronics
02550601-656e-4552-bf01-356f0a4eb006,Recycled Cotton Towels,Carbonite web goalkeeper gloves are ergonomically designed to give easy fit,GRG-780,992.00,M,https://leading-revitalization.biz,recycled-cotton-towels,Books
5d95196b-5733-422b-ad48-ca5aa33bf526,Intelligent Steel Shirt,"The automobile layout consists of a front-engine design, with transaxle-type transmissions mounted at the rear of the engine and four wheel drive",PQO-401,998.00,D,http://those-debate.info,intelligent-steel-shirt,Automotive
d8334f52-4c41-4a87-894c-57128edff1d3,Small Frozen Keyboard,"New ABC 13 9370, 13.3, 5th Gen CoreA5-8250U, 8GB RAM, 256GB SSD, power UHD Graphics, OS 10 Home, OS Office A & J 2016",WBQ-462,347.00,Q,http://aged-atm.biz,small-frozen-keyboard,Garden
1f17fce0-1ac3-45d3-9987-91b14965335e,Recycled Frozen Bacon,"The automobile layout consists of a front-engine design, with transaxle-type transmissions mounted at the rear of the engine and four wheel drive",WBJ-481,636.00,E,http://happy-go-lucky-casserole.com,recycled-frozen-bacon,Music
198c03d6-d444-4ccc-9f94-eb6e6e2e07bc,Unbranded Metal Mouse,Carbonite web goalkeeper gloves are ergonomically designed to give easy fit,LRB-849,725.00,D,https://front-cockpit.info,unbranded-metal-mouse,Kids
ebf91f85-7433-4465-9f05-eb7fbfc84435,Ergonomic Steel Pizza,"The Apollotech B340 is an affordable wireless mouse with reliable connectivity, 12 months battery life and modern design",NKM-914,776.00,Y,https://monstrous-kind.name,ergonomic-steel-pizza,Outdoors
c9a5254b-0c79-4dad-b820-b584e29897d0,Oriental Bronze Pants,"The Apollotech B340 is an affordable wireless mouse with reliable connectivity, 12 months battery life and modern design",UKP-118,322.00,G,http://vital-status.org,oriental-bronze-pants,Beauty
fb97bcab-884f-496d-abd8-1c3fe721500e,Generic Frozen Chips,Carbonite web goalkeeper gloves are ergonomically designed to give easy fit,PAX-669,155.00,K,http://worthwhile-counsellor.biz,generic-frozen-chips,Garden
5f2a9e12-6757-4247-9c59-ecfecb5c1ef0,Elegant Bronze Tuna,New range of formal shirts are designed keeping you in mind. With fits and styling that will make you stand apart,HJP-656,678.00,M,https://knowledgeable-avalanche.name,elegant-bronze-tuna,Games
70aa5569-7088-44dc-837a-9c10babdc60a,Incredible Frozen Fish,"New ABC 13 9370, 13.3, 5th Gen CoreA5-8250U, 8GB RAM, 256GB SSD, power UHD Graphics, OS 10 Home, OS Office A & J 2016",LNM-266,382.00,Z,http://peaceful-mid-course.biz,incredible-frozen-fish,Music
5ce43a76-b87c-4b02-86ad-7e82874a9959,Modern Frozen Bike,Ergonomic executive chair upholstered in bonded black leather and PVC padded seat and back for all-day comfort and support,AEJ-778,431.00,C,https://well-off-commandment.net,modern-frozen-bike,Jewelery
88cd8afd-bd73-41d0-81e8-7e82449ede94,Awesome Cotton Pizza,"New ABC 13 9370, 13.3, 5th Gen CoreA5-8250U, 8GB RAM, 256GB SSD, power UHD Graphics, OS 10 Home, OS Office A & J 2016",WHT-859,505.00,O,http://worrisome-suggestion.biz,awesome-cotton-pizza,Health
c0c3134d-0315-40e0-89d1-43b45a696bc8,Tasty Plastic Mouse,"The Nagasaki Lander is the trademarked name of several series of Nagasaki sport bikes, that started with the 1984 ABC800J",BZT-952,895.00,C,http://key-drama.net,tasty-plastic-mouse,Baby
02b23b7a-0cd0-489d-8ee5-d63b82a717e1,Handcrafted Plastic Fish,New range of formal shirts are designed keeping you in mind. With fits and styling that will make you stand apart,SAO-765,677.00,J,https://squiggly-concern.info,handcrafted-plastic-fish,Outdoors
02051f2d-ba5b-4067-b897-c5cada8ce15a,Sleek Cotton Keyboard,Ergonomic executive chair upholstered in bonded black leather and PVC padded seat and back for all-day comfort and support,MJD-233,225.00,S,http://passionate-conference.com,sleek-cotton-keyboard,Clothing
8637ec3b-161a-4902-9206-8e44ccfe034c,Elegant Bronze Gloves,"The Apollotech B340 is an affordable wireless mouse with reliable connectivity, 12 months battery life and modern design",TOX-945,284.00,Q,https://identical-stepping-stone.com,elegant-bronze-gloves,Tools
b34ad119-3161-4b77-8b62-00e39ff78762,Handmade Cotton Chicken,"New ABC 13 9370, 13.3, 5th Gen CoreA5-8250U, 8GB RAM, 256GB SSD, power UHD Graphics, OS 10 Home, OS Office A & J 2016",DZF-235,185.00,A,http://whopping-catalyst.biz,handmade-cotton-chicken,Outdoors
_id,title,description,sku,price,size,imageLink,slug,category
,Practical Frozen Car,Carbonite web goalkeeper gloves are ergonomically designed to give easy fit,WNX-446,623.00,Q,http://elliptical-playroom.org,practical-frozen-car,Computers
,Awesome Concrete Ball,"The automobile layout consists of a front-engine design, with transaxle-type transmissions mounted at the rear of the engine and four wheel drive",RMZ-731,564.00,T,https://elegant-flan.net,awesome-concrete-ball,Games
,Licensed Metal Salad,"Boston's most advanced compression wear technology increases muscle oxygenation, stabilizes active muscles",MZI-390,231.00,W,https://clumsy-congregation.net,licensed-metal-salad,Grocery
,Incredible Soft Computer,The slim & simple Maple Gaming Keyboard from Dev Byte comes with a sleek body and 7- Color RGB LED Back-lighting for smart functionality,ZQZ-351,795.00,Y,http://miniature-wildebeest.net,incredible-soft-computer,Tools
,Sleek Plastic Salad,"The Nagasaki Lander is the trademarked name of several series of Nagasaki sport bikes, that started with the 1984 ABC800J",SVE-435,680.00,S,https://peaceful-residence.info,sleek-plastic-salad,Kids
,Tasty Concrete Mouse,The beautiful range of Apple Naturalé that has an exciting mix of natural ingredients. With the Goodness of 100% Natural Ingredients,ICK-180,116.00,W,https://friendly-tuber.net,tasty-concrete-mouse,Toys
,Intelligent Cotton Chair,"The Nagasaki Lander is the trademarked name of several series of Nagasaki sport bikes, that started with the 1984 ABC800J",KRG-398,44.00,U,http://defiant-wonder.net,intelligent-cotton-chair,Jewelery
,Gorgeous Concrete Chair,The Football Is Good For Training And Recreational Purposes,PZA-931,651.00,N,http://unfit-hygienic.org,gorgeous-concrete-chair,Outdoors
,Handmade Granite Gloves,"Boston's most advanced compression wear technology increases muscle oxygenation, stabilizes active muscles",TZE-266,638.00,R,http://spiffy-spider.org,handmade-granite-gloves,Baby
,Incredible Metal Bacon,New range of formal shirts are designed keeping you in mind. With fits and styling that will make you stand apart,FVQ-484,898.00,F,http://yummy-headlight.name,incredible-metal-bacon,Beauty
,Licensed Steel Chips,"New ABC 13 9370, 13.3, 5th Gen CoreA5-8250U, 8GB RAM, 256GB SSD, power UHD Graphics, OS 10 Home, OS Office A & J 2016",QKP-689,786.00,I,https://tender-mobile.name,licensed-steel-chips,Kids
,Handcrafted Rubber Computer,"Andy shoes are designed to keeping in mind durability as well as trends, the most stylish range of shoes & sandals",LKF-509,265.00,I,https://indolent-bugle.net,handcrafted-rubber-computer,Industrial
,Ergonomic Steel Soap,The Football Is Good For Training And Recreational Purposes,IHH-470,587.00,B,https://tired-semester.biz,ergonomic-steel-soap,Automotive
,Small Concrete Pants,"The Apollotech B340 is an affordable wireless mouse with reliable connectivity, 12 months battery life and modern design",QXQ-754,541.00,C,http://adorable-popularity.com,small-concrete-pants,Computers
,Gorgeous Fresh Pants,"The automobile layout consists of a front-engine design, with transaxle-type transmissions mounted at the rear of the engine and four wheel drive",GCE-359,351.00,O,https://athletic-chowder.biz,gorgeous-fresh-pants,Electronics
,Sleek Wooden Sausages,Ergonomic executive chair upholstered in bonded black leather and PVC padded seat and back for all-day comfort and support,NPK-132,759.00,N,https://terrible-booster.net,sleek-wooden-sausages,Outdoors
,Ergonomic Metal Chicken,"Boston's most advanced compression wear technology increases muscle oxygenation, stabilizes active muscles",DWZ-802,47.00,U,https://secret-outback.biz,ergonomic-metal-chicken,Electronics
,Recycled Frozen Tuna,"New ABC 13 9370, 13.3, 5th Gen CoreA5-8250U, 8GB RAM, 256GB SSD, power UHD Graphics, OS 10 Home, OS Office A & J 2016",GKG-401,339.00,K,https://fussy-marker.name,recycled-frozen-tuna,Beauty
,Ergonomic Frozen Keyboard,The Football Is Good For Training And Recreational Purposes,GVJ-444,132.00,Q,https://dead-tattler.org,ergonomic-frozen-keyboard,Books
,Licensed Frozen Gloves,Carbonite web goalkeeper gloves are ergonomically designed to give easy fit,CAG-970,153.00,D,https://dull-association.org,licensed-frozen-gloves,Grocery
,Electronic Rubber Cheese,"Boston's most advanced compression wear technology increases muscle oxygenation, stabilizes active muscles",MUD-567,951.00,O,http://rotating-clinic.info,electronic-rubber-cheese,Books
,Incredible Wooden Table,"The automobile layout consists of a front-engine design, with transaxle-type transmissions mounted at the rear of the engine and four wheel drive",UHH-214,248.00,U,http://troubled-catch.com,incredible-wooden-table,Electronics
,Tasty Fresh Car,New range of formal shirts are designed keeping you in mind. With fits and styling that will make you stand apart,YQU-164,751.00,N,https://solid-archaeologist.net,tasty-fresh-car,Jewelery
,Licensed Frozen Mouse,"The Nagasaki Lander is the trademarked name of several series of Nagasaki sport bikes, that started with the 1984 ABC800J",AMY-112,131.00,T,https://real-brushing.net,licensed-frozen-mouse,Games
,Practical Concrete Chair,"The automobile layout consists of a front-engine design, with transaxle-type transmissions mounted at the rear of the engine and four wheel drive",AQF-658,18.00,U,https://prize-papaya.name,practical-concrete-chair,Toys
,Handcrafted Plastic Soap,"Andy shoes are designed to keeping in mind durability as well as trends, the most stylish range of shoes & sandals",BQO-649,518.00,W,https://offbeat-arthur.name,handcrafted-plastic-soap,Music
,Electronic Soft Shoes,The slim & simple Maple Gaming Keyboard from Dev Byte comes with a sleek body and 7- Color RGB LED Back-lighting for smart functionality,DLQ-549,496.00,O,http://sparse-blogger.biz,electronic-soft-shoes,Toys
,Refined Granite Bike,Ergonomic executive chair upholstered in bonded black leather and PVC padded seat and back for all-day comfort and support,XYQ-523,807.00,Y,https://wavy-half-sister.org,refined-granite-bike,Kids
,Intelligent Plastic Cheese,"The automobile layout consists of a front-engine design, with transaxle-type transmissions mounted at the rear of the engine and four wheel drive",GCO-293,272.00,L,http://bubbly-ear.net,intelligent-plastic-cheese,Movies
,Incredible Frozen Towels,"The Nagasaki Lander is the trademarked name of several series of Nagasaki sport bikes, that started with the 1984 ABC800J",MGN-855,82.00,N,https://glistening-travel.net,incredible-frozen-towels,Outdoors
,Bespoke Soft Tuna,"New ABC 13 9370, 13.3, 5th Gen CoreA5-8250U, 8GB RAM, 256GB SSD, power UHD Graphics, OS 10 Home, OS Office A & J 2016",GDQ-863,7.00,T,http://common-shield.name,bespoke-soft-tuna,Beauty
,Elegant Concrete Tuna,"New ABC 13 9370, 13.3, 5th Gen CoreA5-8250U, 8GB RAM, 256GB SSD, power UHD Graphics, OS 10 Home, OS Office A & J 2016",UIJ-771,162.00,P,https://squeaky-pepper.com,elegant-concrete-tuna,Clothing
,Licensed Frozen Cheese,"The Nagasaki Lander is the trademarked name of several series of Nagasaki sport bikes, that started with the 1984 ABC800J",ASI-896,540.00,F,https://those-penalty.com,licensed-frozen-cheese,Music
,Recycled Plastic Keyboard,Carbonite web goalkeeper gloves are ergonomically designed to give easy fit,HBY-470,825.00,J,https://bowed-nutrient.biz,recycled-plastic-keyboard,Music
,Handcrafted Frozen Ball,"The Apollotech B340 is an affordable wireless mouse with reliable connectivity, 12 months battery life and modern design",ONE-948,691.00,A,https://adventurous-soulmate.net,handcrafted-frozen-ball,Electronics
,Modern Steel Fish,Carbonite web goalkeeper gloves are ergonomically designed to give easy fit,VCA-209,229.00,C,https://glossy-ecosystem.name,modern-steel-fish,Books
,Handmade Bronze Sausages,"The Apollotech B340 is an affordable wireless mouse with reliable connectivity, 12 months battery life and modern design",CZD-552,431.00,T,https://leafy-leading.name,handmade-bronze-sausages,Outdoors
,Practical Rubber Shoes,The Football Is Good For Training And Recreational Purposes,AGF-973,948.00,J,http://dutiful-yard.org,practical-rubber-shoes,Music
,Generic Wooden Towels,Carbonite web goalkeeper gloves are ergonomically designed to give easy fit,WVG-506,474.00,O,https://noxious-basil.biz,generic-wooden-towels,Shoes
,Gorgeous Cotton Gloves,"The Apollotech B340 is an affordable wireless mouse with reliable connectivity, 12 months battery life and modern design",TZJ-372,1000.00,W,https://classic-kettle.info,gorgeous-cotton-gloves,Kids
,Modern Bronze Fish,The Football Is Good For Training And Recreational Purposes,XRD-187,293.00,Y,https://shabby-normal.com,modern-bronze-fish,Jewelery
,Rustic Bronze Pants,Carbonite web goalkeeper gloves are ergonomically designed to give easy fit,NMW-445,488.00,Q,https://hollow-tam-o-shanter.info,rustic-bronze-pants,Movies
,Handmade Metal Table,The Football Is Good For Training And Recreational Purposes,HRQ-877,98.00,C,http://low-rainbow.name,handmade-metal-table,Health
,Ergonomic Soft Shirt,"The Apollotech B340 is an affordable wireless mouse with reliable connectivity, 12 months battery life and modern design",NGY-396,393.00,K,http://compassionate-resume.net,ergonomic-soft-shirt,Grocery
,Practical Concrete Bike,The slim & simple Maple Gaming Keyboard from Dev Byte comes with a sleek body and 7- Color RGB LED Back-lighting for smart functionality,ZJU-157,391.00,A,http://lean-tobacco.name,practical-concrete-bike,Garden
,Gorgeous Wooden Salad,New range of formal shirts are designed keeping you in mind. With fits and styling that will make you stand apart,QNG-494,999.00,Z,http://raw-maestro.com,gorgeous-wooden-salad,Shoes
,Elegant Fresh Sausages,"The Nagasaki Lander is the trademarked name of several series of Nagasaki sport bikes, that started with the 1984 ABC800J",VHB-534,888.00,B,http://visible-hearsay.info,elegant-fresh-sausages,Outdoors
,Handcrafted Plastic Sausages,The Football Is Good For Training And Recreational Purposes,OIL-588,532.00,P,http://linear-cost.com,handcrafted-plastic-sausages,Computers
,Rustic Cotton Tuna,The Football Is Good For Training And Recreational Purposes,EWN-460,789.00,E,http://gummy-ice-cream.info,rustic-cotton-tuna,Books
,Elegant Granite Car,"The Nagasaki Lander is the trademarked name of several series of Nagasaki sport bikes, that started with the 1984 ABC800J",GEC-430,22.00,P,https://direct-chive.info,elegant-granite-car,Music
,Luxurious Concrete Fish,Ergonomic executive chair upholstered in bonded black leather and PVC padded seat and back for all-day comfort and support,RJL-256,166.00,M,https://aware-follower.com,luxurious-concrete-fish,Kids
,Recycled Concrete Mouse,"The automobile layout consists of a front-engine design, with transaxle-type transmissions mounted at the rear of the engine and four wheel drive",YJV-129,864.00,U,http://content-pneumonia.name,recycled-concrete-mouse,Industrial
,Small Cotton Table,"Andy shoes are designed to keeping in mind durability as well as trends, the most stylish range of shoes & sandals",ZUM-835,559.00,P,https://bogus-printing.name,small-cotton-table,Clothing
,Refined Granite Car,"New ABC 13 9370, 13.3, 5th Gen CoreA5-8250U, 8GB RAM, 256GB SSD, power UHD Graphics, OS 10 Home, OS Office A & J 2016",MPR-435,257.00,R,http://finished-immigrant.name,refined-granite-car,Beauty
,Electronic Wooden Computer,Carbonite web goalkeeper gloves are ergonomically designed to give easy fit,MSH-101,559.00,D,http://previous-incision.info,electronic-wooden-computer,Movies
,Small Rubber Shoes,Ergonomic executive chair upholstered in bonded black leather and PVC padded seat and back for all-day comfort and support,NCB-695,162.00,S,http://electric-math.com,small-rubber-shoes,Clothing
,Bespoke Steel Table,Ergonomic executive chair upholstered in bonded black leather and PVC padded seat and back for all-day comfort and support,KTD-908,143.00,F,http://grave-neighbour.org,bespoke-steel-table,Movies
,Handmade Metal Pizza,The beautiful range of Apple Naturalé that has an exciting mix of natural ingredients. With the Goodness of 100% Natural Ingredients,PFF-550,296.00,W,https://untimely-activist.name,handmade-metal-pizza,Books
,Luxurious Wooden Shoes,"The automobile layout consists of a front-engine design, with transaxle-type transmissions mounted at the rear of the engine and four wheel drive",VFH-598,576.00,I,http://firsthand-scarecrow.org,luxurious-wooden-shoes,Computers
,Awesome Steel Car,The Football Is Good For Training And Recreational Purposes,FPZ-922,203.00,E,https://ethical-presence.net,awesome-steel-car,Health
,Generic Cotton Towels,"The Nagasaki Lander is the trademarked name of several series of Nagasaki sport bikes, that started with the 1984 ABC800J",ADM-182,200.00,Z,http://direct-whisper.net,generic-cotton-towels,Clothing
,Bespoke Granite Chicken,"The Nagasaki Lander is the trademarked name of several series of Nagasaki sport bikes, that started with the 1984 ABC800J",EEL-840,932.00,K,http://glamorous-bitten.com,bespoke-granite-chicken,Kids
,Ergonomic Wooden Sausages,The beautiful range of Apple Naturalé that has an exciting mix of natural ingredients. With the Goodness of 100% Natural Ingredients,JII-834,376.00,J,http://dopey-reclamation.biz,ergonomic-wooden-sausages,Clothing
,Oriental Steel Table,"New ABC 13 9370, 13.3, 5th Gen CoreA5-8250U, 8GB RAM, 256GB SSD, power UHD Graphics, OS 10 Home, OS Office A & J 2016",VEN-801,211.00,K,https://abandoned-grandson.biz,oriental-steel-table,Garden
,Modern Plastic Ball,"The Nagasaki Lander is the trademarked name of several series of Nagasaki sport bikes, that started with the 1984 ABC800J",IVQ-757,342.00,M,http://careful-sonata.org,modern-plastic-ball,Toys
,Refined Metal Computer,"The Nagasaki Lander is the trademarked name of several series of Nagasaki sport bikes, that started with the 1984 ABC800J",DTG-719,48.00,R,http://worthy-lake.biz,refined-metal-computer,Industrial
,Tasty Soft Bike,"The Apollotech B340 is an affordable wireless mouse with reliable connectivity, 12 months battery life and modern design",ELN-377,941.00,U,https://golden-spiritual.com,tasty-soft-bike,Games
,Bespoke Metal Shoes,Ergonomic executive chair upholstered in bonded black leather and PVC padded seat and back for all-day comfort and support,XSB-210,615.00,Y,http://grumpy-leader.info,bespoke-metal-shoes,Beauty
,Tasty Metal Shoes,Ergonomic executive chair upholstered in bonded black leather and PVC padded seat and back for all-day comfort and support,RFV-124,956.00,J,https://curly-scotch.net,tasty-metal-shoes,Sports
,Refined Concrete Gloves,"New ABC 13 9370, 13.3, 5th Gen CoreA5-8250U, 8GB RAM, 256GB SSD, power UHD Graphics, OS 10 Home, OS Office A & J 2016",SST-278,409.00,G,http://impractical-cleft.net,refined-concrete-gloves,Beauty
,Handmade Fresh Fish,Carbonite web goalkeeper gloves are ergonomically designed to give easy fit,ZNQ-747,834.00,M,http://distant-airbus.org,handmade-fresh-fish,Industrial
,Bespoke Soft Hat,"The Nagasaki Lander is the trademarked name of several series of Nagasaki sport bikes, that started with the 1984 ABC800J",LNZ-672,245.00,F,http://amused-deposition.name,bespoke-soft-hat,Games
,Electronic Bronze Mouse,"The Apollotech B340 is an affordable wireless mouse with reliable connectivity, 12 months battery life and modern design",JDG-958,918.00,I,https://open-sophomore.org,electronic-bronze-mouse,Jewelery
,Modern Fresh Mouse,"The Apollotech B340 is an affordable wireless mouse with reliable connectivity, 12 months battery life and modern design",ATW-568,100.00,D,http://plush-program.org,modern-fresh-mouse,Jewelery
,Bespoke Bronze Sausages,Carbonite web goalkeeper gloves are ergonomically designed to give easy fit,ENE-249,53.00,W,https://slimy-expansionism.net,bespoke-bronze-sausages,Tools
,Licensed Frozen Chicken,"The Nagasaki Lander is the trademarked name of several series of Nagasaki sport bikes, that started with the 1984 ABC800J",QYV-337,944.00,S,http://dazzling-assistance.org,licensed-frozen-chicken,Games
,Ergonomic Steel Computer,"New ABC 13 9370, 13.3, 5th Gen CoreA5-8250U, 8GB RAM, 256GB SSD, power UHD Graphics, OS 10 Home, OS Office A & J 2016",MBF-887,479.00,Z,http://treasured-lie.name,ergonomic-steel-computer,Shoes
,Tasty Bronze Table,The slim & simple Maple Gaming Keyboard from Dev Byte comes with a sleek body and 7- Color RGB LED Back-lighting for smart functionality,VZQ-277,186.00,B,http://healthy-tissue.info,tasty-bronze-table,Garden
,Gorgeous Rubber Gloves,"Andy shoes are designed to keeping in mind durability as well as trends, the most stylish range of shoes & sandals",NKF-138,667.00,C,https://trivial-lambkin.info,gorgeous-rubber-gloves,Tools
,Small Fresh Cheese,"Boston's most advanced compression wear technology increases muscle oxygenation, stabilizes active muscles",AVN-459,182.00,B,http://fatherly-song.biz,small-fresh-cheese,Garden
,Incredible Granite Salad,"The Apollotech B340 is an affordable wireless mouse with reliable connectivity, 12 months battery life and modern design",ZEN-369,911.00,N,http://sick-nothing.info,incredible-granite-salad,Outdoors
,Rustic Soft Fish,"New ABC 13 9370, 13.3, 5th Gen CoreA5-8250U, 8GB RAM, 256GB SSD, power UHD Graphics, OS 10 Home, OS Office A & J 2016",GKH-425,520.00,K,http://unhappy-passport.info,rustic-soft-fish,Beauty
,Gorgeous Cotton Pants,The slim & simple Maple Gaming Keyboard from Dev Byte comes with a sleek body and 7- Color RGB LED Back-lighting for smart functionality,XPR-805,114.00,E,https://tremendous-analogy.com,gorgeous-cotton-pants,Jewelery
,Handmade Rubber Shirt,"Boston's most advanced compression wear technology increases muscle oxygenation, stabilizes active muscles",HFC-435,981.00,M,http://yearly-tune.biz,handmade-rubber-shirt,Tools
,Bespoke Fresh Mouse,The Football Is Good For Training And Recreational Purposes,DNG-342,641.00,N,http://damaged-chub.biz,bespoke-fresh-mouse,Toys
,Intelligent Wooden Sausages,"New ABC 13 9370, 13.3, 5th Gen CoreA5-8250U, 8GB RAM, 256GB SSD, power UHD Graphics, OS 10 Home, OS Office A & J 2016",JFN-720,155.00,G,https://crafty-papaya.biz,intelligent-wooden-sausages,Industrial
,Recycled Fresh Shoes,New range of formal shirts are designed keeping you in mind. With fits and styling that will make you stand apart,FGC-423,964.00,Q,http://menacing-entirety.org,recycled-fresh-shoes,Music
,Incredible Cotton Ball,"Andy shoes are designed to keeping in mind durability as well as trends, the most stylish range of shoes & sandals",EQU-523,861.00,I,http://exhausted-appellation.biz,incredible-cotton-ball,Baby
,Ergonomic Fresh Bike,"Boston's most advanced compression wear technology increases muscle oxygenation, stabilizes active muscles",LJQ-504,75.00,T,https://illegal-consideration.info,ergonomic-fresh-bike,Games
,Handmade Cotton Chair,The slim & simple Maple Gaming Keyboard from Dev Byte comes with a sleek body and 7- Color RGB LED Back-lighting for smart functionality,RRZ-702,781.00,I,http://dull-barbeque.name,handmade-cotton-chair,Computers
,Rustic Fresh Tuna,Ergonomic executive chair upholstered in bonded black leather and PVC padded seat and back for all-day comfort and support,LRF-126,597.00,A,http://agreeable-courtroom.biz,rustic-fresh-tuna,Electronics
,Fantastic Granite Towels,"Boston's most advanced compression wear technology increases muscle oxygenation, stabilizes active muscles",QTQ-118,7.00,Q,http://distant-nightlight.name,fantastic-granite-towels,Computers
,Sleek Soft Tuna,New range of formal shirts are designed keeping you in mind. With fits and styling that will make you stand apart,WTV-518,481.00,K,http://firsthand-preservation.info,sleek-soft-tuna,Computers
,Rustic Fresh Mouse,"Boston's most advanced compression wear technology increases muscle oxygenation, stabilizes active muscles",KEX-681,152.00,H,https://rusty-proceedings.biz,rustic-fresh-mouse,Clothing
,Bespoke Rubber Gloves,The beautiful range of Apple Naturalé that has an exciting mix of natural ingredients. With the Goodness of 100% Natural Ingredients,CPE-964,790.00,M,http://muted-drudgery.biz,bespoke-rubber-gloves,Garden
,Elegant Steel Chair,The slim & simple Maple Gaming Keyboard from Dev Byte comes with a sleek body and 7- Color RGB LED Back-lighting for smart functionality,UWY-253,562.00,J,http://decent-soap.com,elegant-steel-chair,Grocery
,Handmade Wooden Gloves,The Football Is Good For Training And Recreational Purposes,RIV-618,818.00,G,http://lively-mystery.name,handmade-wooden-gloves,Grocery
,Luxurious Granite Fish,"The Nagasaki Lander is the trademarked name of several series of Nagasaki sport bikes, that started with the 1984 ABC800J",MTO-412,766.00,L,http://scientific-pack.org,luxurious-granite-fish,Baby
,Modern Rubber Table,The slim & simple Maple Gaming Keyboard from Dev Byte comes with a sleek body and 7- Color RGB LED Back-lighting for smart functionality,OMH-459,929.00,U,http://double-gender.org,modern-rubber-table,Baby
,Sleek Wooden Shoes,The beautiful range of Apple Naturalé that has an exciting mix of natural ingredients. With the Goodness of 100% Natural Ingredients,UPE-928,91.00,R,https://envious-astrologer.net,sleek-wooden-shoes,Health
_id,title,description,sku,price,size,imageLink,slug,category
,Recycled Metal Towels,The Football Is Good For Training And Recreational Purposes,HQZ-525,974.00,E,https://dreary-poem.com,recycled-metal-towels,Industrial
,Recycled Granite Table,,NKK-954,572.00,G,http://decimal-wave.org,recycled-granite-table,Sports
,,"The Apollotech B340 is an affordable wireless mouse with reliable connectivity, 12 months battery life and modern design",ZFU-134,209.00,B,http://kosher-siding.biz,electronic-soft-ball,Electronics
,Refined Plastic Car,The Football Is Good For Training And Recreational Purposes,RCW-557,25.00,S,https://bland-runner.org,refined-plastic-car,Automotive
,Awesome Concrete Chicken,"The Nagasaki Lander is the trademarked name of several series of Nagasaki sport bikes, that started with the 1984 ABC800J",OZI-973,709.00,Q,https://superficial-keyboard.org,awesome-concrete-chicken,Kids
,Practical Cotton Chicken,The Football Is Good For Training And Recreational Purposes,,250.00,H,https://creamy-downfall.info,practical-cotton-chicken,Health
,Handcrafted Concrete Salad,"The automobile layout consists of a front-engine design, with transaxle-type transmissions mounted at the rear of the engine and four wheel drive",OEH-873,827.00,L,https://unusual-design.info,handcrafted-concrete-salad,Toys
,Handcrafted Rubber Hat,"New ABC 13 9370, 13.3, 5th Gen CoreA5-8250U, 8GB RAM, 256GB SSD, power UHD Graphics, OS 10 Home, OS Office A & J 2016",TDH-902,709.00,X,http://boiling-outfit.info,handcrafted-rubber-hat,Tools
,Refined Soft Pants,The beautiful range of Apple Naturalé that has an exciting mix of natural ingredients. With the Goodness of 100% Natural Ingredients,EKX-842,468.00,X,http://large-behaviour.net,refined-soft-pants,Movies
,Awesome Plastic Shirt,"New ABC 13 9370, 13.3, 5th Gen CoreA5-8250U, 8GB RAM, 256GB SSD, power UHD Graphics, OS 10 Home, OS Office A & J 2016",ZCA-591,533.00,V,http://another-dish.info,awesome-plastic-shirt,Games
,Sleek Frozen Sausages,"The Apollotech B340 is an affordable wireless mouse with reliable connectivity, 12 months battery life and modern design",ESB-496,485.00,B,http://self-reliant-hosiery.com,sleek-frozen-sausages,Outdoors
,Awesome Wooden Pizza,"The Nagasaki Lander is the trademarked name of several series of Nagasaki sport bikes, that started with the 1984 ABC800J",VHK-653,745.00,E,http://occasional-identity.info,awesome-wooden-pizza,Movies
,Oriental Plastic Chicken,"The automobile layout consists of a front-engine design, with transaxle-type transmissions mounted at the rear of the engine and four wheel drive",WFF-420,9.00,S,https://occasional-giant.info,oriental-plastic-chicken,Kids
,,"The automobile layout consists of a front-engine design, with transaxle-type transmissions mounted at the rear of the engine and four wheel drive",PIR-929,991.00,Q,https://icy-contest.net,modern-concrete-shirt,Books
,Recycled Cotton Gloves,"The Nagasaki Lander is the trademarked name of several series of Nagasaki sport bikes, that started with the 1984 ABC800J",ZNJ-962,405.00,O,https://simplistic-insurance.name,recycled-cotton-gloves,Health
,Refined Plastic Towels,"The automobile layout consists of a front-engine design, with transaxle-type transmissions mounted at the rear of the engine and four wheel drive",HMI-804,89.00,Z,https://worthy-spool.biz,refined-plastic-towels,Games
,Oriental Soft Chair,The Football Is Good For Training And Recreational Purposes,FYD-556,256.00,O,http://hungry-basin.org,oriental-soft-chair,Games
,,The Football Is Good For Training And Recreational Purposes,RJQ-813,347.00,V,http://grotesque-jot.com,intelligent-wooden-chair,Tools
,Awesome Steel Car,"Andy shoes are designed to keeping in mind durability as well as trends, the most stylish range of shoes & sandals",XCH-642,609.00,X,http://fussy-neck.net,awesome-steel-car,Outdoors
,,"The automobile layout consists of a front-engine design, with transaxle-type transmissions mounted at the rear of the engine and four wheel drive",PSJ-513,406.00,Q,,handmade-concrete-cheese,Industrial
,Unbranded Soft Bike,,LGT-602,677.00,S,https://multicolored-lifetime.biz,unbranded-soft-bike,Garden
,Modern Frozen Chicken,New range of formal shirts are designed keeping you in mind. With fits and styling that will make you stand apart,GIM-352,959.00,Y,http://strong-ruby.net,modern-frozen-chicken,Beauty
,Tasty Rubber Cheese,New range of formal shirts are designed keeping you in mind. With fits and styling that will make you stand apart,HZW-634,520.00,C,http://murky-cephalopod.name,tasty-rubber-cheese,
,Intelligent Rubber Mouse,The Football Is Good For Training And Recreational Purposes,OPY-822,294.00,,http://sturdy-craw.com,intelligent-rubber-mouse,Computers
,Modern Wooden Shoes,New range of formal shirts are designed keeping you in mind. With fits and styling that will make you stand apart,BOF-551,56.00,U,https://unpleasant-upper.biz,modern-wooden-shoes,
,Generic Bronze Tuna,New range of formal shirts are designed keeping you in mind. With fits and styling that will make you stand apart,UCZ-940,288.00,B,https://kaleidoscopic-hate.net,generic-bronze-tuna,Music
,Generic Frozen Bacon,The Football Is Good For Training And Recreational Purposes,FTT-960,360.00,M,http://frightening-celebration.com,generic-frozen-bacon,Tools
,Recycled Granite Soap,Ergonomic executive chair upholstered in bonded black leather and PVC padded seat and back for all-day comfort and support,NYZ-608,239.00,S,https://old-corsage.net,recycled-granite-soap,Toys
,Practical Cotton Fish,"The Nagasaki Lander is the trademarked name of several series of Nagasaki sport bikes, that started with the 1984 ABC800J",DDL-732,561.00,Q,http://agonizing-nourishment.com,practical-cotton-fish,Industrial
,Small Plastic Sausages,"The Apollotech B340 is an affordable wireless mouse with reliable connectivity, 12 months battery life and modern design",EAC-894,898.00,T,,small-plastic-sausages,Music
,Fantastic Plastic Chicken,"The Nagasaki Lander is the trademarked name of several series of Nagasaki sport bikes, that started with the 1984 ABC800J",WZH-351,825.00,Z,https://worst-gamma-ray.name,fantastic-plastic-chicken,Home
,Intelligent Soft Shoes,"The Apollotech B340 is an affordable wireless mouse with reliable connectivity, 12 months battery life and modern design",XPA-199,717.00,G,https://juvenile-alligator.name,intelligent-soft-shoes,Music
,Generic Soft Tuna,The Football Is Good For Training And Recreational Purposes,EHZ-876,848.00,X,http://motherly-surgeon.biz,generic-soft-tuna,Kids
,Tasty Bronze Tuna,"Boston's most advanced compression wear technology increases muscle oxygenation, stabilizes active muscles",PZQ-734,N/A,E,https://muffled-enthusiasm.name,tasty-bronze-tuna,Beauty
,Elegant Wooden Chicken,"Boston's most advanced compression wear technology increases muscle oxygenation, stabilizes active muscles",,782.00,M,https://good-natured-fail.net,elegant-wooden-chicken,Toys
,Practical Cotton Computer,"Boston's most advanced compression wear technology increases muscle oxygenation, stabilizes active muscles",YFF-378,676.00,L,http://blaring-reservoir.name,practical-cotton-computer,Industrial
,Generic Rubber Pants,New range of formal shirts are designed keeping you in mind. With fits and styling that will make you stand apart,NQL-689,830.00,P,http://sure-footed-mosquito.info,generic-rubber-pants,Grocery
,Elegant Frozen Salad,New range of formal shirts are designed keeping you in mind. With fits and styling that will make you stand apart,AVF-339,888.00,E,http://spirited-admission.org,elegant-frozen-salad,Beauty
,Ergonomic Wooden Shoes,The Football Is Good For Training And Recreational Purposes,LHB-288,N/A,F,http://international-mining.name,ergonomic-wooden-shoes,Books
,,New range of formal shirts are designed keeping you in mind. With fits and styling that will make you stand apart,FLP-479,790.00,M,http://faraway-slaw.name,ergonomic-bronze-chicken,Computers
,Generic Rubber Mouse,Ergonomic executive chair upholstered in bonded black leather and PVC padded seat and back for all-day comfort and support,ABB-601,649.00,,https://hard-shelter.com,generic-rubber-mouse,
,Rustic Soft Shoes,,IBX-979,778.00,M,https://assured-dare.name,rustic-soft-shoes,Electronics
,Ergonomic Rubber Keyboard,The Football Is Good For Training And Recreational Purposes,SLD-513,,C,https://apprehensive-altitude.info,ergonomic-rubber-keyboard,Movies
,Awesome Steel Bike,Ergonomic executive chair upholstered in bonded black leather and PVC padded seat and back for all-day comfort and support,DCE-904,942.00,H,https://sunny-boundary.com,awesome-steel-bike,Computers
,Handcrafted Cotton Chicken,"Andy shoes are designed to keeping in mind durability as well as trends, the most stylish range of shoes & sandals",USE-741,358.00,C,https://scrawny-ovary.info,handcrafted-cotton-chicken,Computers
,Elegant Soft Chips,"Andy shoes are designed to keeping in mind durability as well as trends, the most stylish range of shoes & sandals",AOW-170,N/A,J,http://mad-burst.info,elegant-soft-chips,Health
,Unbranded Wooden Table,"Boston's most advanced compression wear technology increases muscle oxygenation, stabilizes active muscles",WXM-562,84.00,U,,unbranded-wooden-table,Tools
,Electronic Metal Ball,,XHQ-491,N/A,F,https://firsthand-leaker.com,electronic-metal-ball,Jewelery
,Intelligent Frozen Gloves,The slim & simple Maple Gaming Keyboard from Dev Byte comes with a sleek body and 7- Color RGB LED Back-lighting for smart functionality,UYT-513,966.00,K,http://lean-temper.com,intelligent-frozen-gloves,Toys
,Fantastic Frozen Shoes,The beautiful range of Apple Naturalé that has an exciting mix of natural ingredients. With the Goodness of 100% Natural Ingredients,TUQ-147,299.00,H,http://serpentine-leather.info,fantastic-frozen-shoes,Clothing
,Luxurious Fresh Salad,"Boston's most advanced compression wear technology increases muscle oxygenation, stabilizes active muscles",NJM-363,907.00,X,https://generous-alpaca.com,luxurious-fresh-salad,Clothing
,Ergonomic Cotton Shoes,The slim & simple Maple Gaming Keyboard from Dev Byte comes with a sleek body and 7- Color RGB LED Back-lighting for smart functionality,QLN-227,190.00,A,https://superior-relaxation.net,ergonomic-cotton-shoes,Grocery
,Handcrafted Rubber Pizza,"The Nagasaki Lander is the trademarked name of several series of Nagasaki sport bikes, that started with the 1984 ABC800J",,282.00,R,https://favorite-gland.net,handcrafted-rubber-pizza,Shoes
,Handcrafted Frozen Chair,"Boston's most advanced compression wear technology increases muscle oxygenation, stabilizes active muscles",WDQ-487,604.00,U,http://wary-egghead.info,handcrafted-frozen-chair,Jewelery
,Refined Wooden Bacon,Carbonite web goalkeeper gloves are ergonomically designed to give easy fit,HFF-225,106.00,E,https://single-wake.com,refined-wooden-bacon,Jewelery
,Sleek Plastic Keyboard,,PAT-694,157.00,Q,https://naughty-biscuit.info,sleek-plastic-keyboard,Tools
,Small Steel Hat,The beautiful range of Apple Naturalé that has an exciting mix of natural ingredients. With the Goodness of 100% Natural Ingredients,LUT-278,435.00,A,http://self-reliant-figurine.org,small-steel-hat,Outdoors
,Small Rubber Towels,The beautiful range of Apple Naturalé that has an exciting mix of natural ingredients. With the Goodness of 100% Natural Ingredients,JDV-125,510.00,V,http://elated-pollutant.com,small-rubber-towels,Clothing
,Modern Soft Chips,"The Nagasaki Lander is the trademarked name of several series of Nagasaki sport bikes, that started with the 1984 ABC800J",ZQT-341,854.00,Z,https://pesky-flame.info,modern-soft-chips,Grocery
,Tasty Concrete Chicken,,DXN-346,760.00,D,http://outgoing-helo.org,tasty-concrete-chicken,Kids
,Gorgeous Steel Car,"The automobile layout consists of a front-engine design, with transaxle-type transmissions mounted at the rear of the engine and four wheel drive",GMM-777,331.00,R,https://fatherly-cod.org,gorgeous-steel-car,Jewelery
,Electronic Cotton Chips,"The automobile layout consists of a front-engine design, with transaxle-type transmissions mounted at the rear of the engine and four wheel drive",ZBD-367,576.00,Y,http://tiny-guacamole.com,,Sports
,Fantastic Wooden Sausages,Ergonomic executive chair upholstered in bonded black leather and PVC padded seat and back for all-day comfort and support,YZX-431,719.00,P,http://artistic-dress.org,fantastic-wooden-sausages,Outdoors
,Gorgeous Granite Chair,"The Nagasaki Lander is the trademarked name of several series of Nagasaki sport bikes, that started with the 1984 ABC800J",CXP-134,9.00,R,https://interesting-comprehension.net,gorgeous-granite-chair,Beauty
,Handcrafted Fresh Tuna,Carbonite web goalkeeper gloves are ergonomically designed to give easy fit,YUP-385,194.00,R,http://difficult-replacement.name,handcrafted-fresh-tuna,Baby
,Intelligent Steel Soap,"The automobile layout consists of a front-engine design, with transaxle-type transmissions mounted at the rear of the engine and four wheel drive",KSU-761,N/A,V,https://yummy-interface.name,intelligent-steel-soap,Jewelery
,Small Frozen Bike,"The automobile layout consists of a front-engine design, with transaxle-type transmissions mounted at the rear of the engine and four wheel drive",EQQ-417,837.00,E,http://considerate-dynamo.com,small-frozen-bike,Baby
,Handmade Granite Chicken,"The automobile layout consists of a front-engine design, with transaxle-type transmissions mounted at the rear of the engine and four wheel drive",FUR-199,225.00,C,https://glistening-option.org,handmade-granite-chicken,Toys
,Small Concrete Shirt,"Andy shoes are designed to keeping in mind durability as well as trends, the most stylish range of shoes & sandals",JVH-233,81.00,Z,http://hoarse-craft.org,,
,Awesome Steel Shirt,The Football Is Good For Training And Recreational Purposes,TQA-895,565.00,W,https://digital-button.com,awesome-steel-shirt,
,Licensed Bronze Sausages,"The Apollotech B340 is an affordable wireless mouse with reliable connectivity, 12 months battery life and modern design",LQU-489,N/A,H,https://obvious-glory.org,licensed-bronze-sausages,Computers
,Sleek Cotton Chicken,,,754.00,K,http://testy-financing.org,sleek-cotton-chicken,Movies
,Sleek Concrete Pants,Carbonite web goalkeeper gloves are ergonomically designed to give easy fit,NAK-886,571.00,E,http://muffled-miracle.com,sleek-concrete-pants,Grocery
,Handmade Wooden Car,The Football Is Good For Training And Recreational Purposes,JGA-755,395.00,V,https://cruel-second.org,handmade-wooden-car,Toys
,Electronic Granite Cheese,"New ABC 13 9370, 13.3, 5th Gen CoreA5-8250U, 8GB RAM, 256GB SSD, power UHD Graphics, OS 10 Home, OS Office A & J 2016",TTP-364,133.00,B,http://vain-stimulus.net,electronic-granite-cheese,Music
,Luxurious Wooden Shoes,The beautiful range of Apple Naturalé that has an exciting mix of natural ingredients. With the Goodness of 100% Natural Ingredients,JGK-938,N/A,E,https://mountainous-swan.org,luxurious-wooden-shoes,Jewelery
,Bespoke Wooden Chicken,"The Nagasaki Lander is the trademarked name of several series of Nagasaki sport bikes, that started with the 1984 ABC800J",NUA-713,594.00,F,https://ringed-visit.net,bespoke-wooden-chicken,Grocery
,Unbranded Plastic Bacon,"Boston's most advanced compression wear technology increases muscle oxygenation, stabilizes active muscles",ORH-324,972.00,T,https://soulful-fort.com,unbranded-plastic-bacon,Games
,Handcrafted Bronze Car,New range of formal shirts are designed keeping you in mind. With fits and styling that will make you stand apart,XJV-580,424.00,F,,handcrafted-bronze-car,Computers
,Ergonomic Bronze Soap,Ergonomic executive chair upholstered in bonded black leather and PVC padded seat and back for all-day comfort and support,UHB-834,784.00,Z,http://naive-aircraft.info,ergonomic-bronze-soap,Baby
,Modern Plastic Ball,"The Apollotech B340 is an affordable wireless mouse with reliable connectivity, 12 months battery life and modern design",FXE-342,505.00,H,http://webbed-ornament.info,modern-plastic-ball,Outdoors
,Recycled Plastic Chair,,JST-208,343.00,U,http://ornery-handball.com,recycled-plastic-chair,Toys
,Awesome Frozen Sausages,Ergonomic executive chair upholstered in bonded black leather and PVC padded seat and back for all-day comfort and support,GVS-160,,K,http://tough-drink.info,awesome-frozen-sausages,Computers
,Refined Steel Chips,"Andy shoes are designed to keeping in mind durability as well as trends, the most stylish range of shoes & sandals",KRF-740,281.00,T,http://outgoing-lieu.name,refined-steel-chips,Health
,Handmade Steel Ball,Ergonomic executive chair upholstered in bonded black leather and PVC padded seat and back for all-day comfort and support,MGE-362,36.00,A,https://perfect-tenet.net,handmade-steel-ball,Industrial
,Handcrafted Soft Pizza,The slim & simple Maple Gaming Keyboard from Dev Byte comes with a sleek body and 7- Color RGB LED Back-lighting for smart functionality,DJI-521,883.00,D,http://short-van.biz,handcrafted-soft-pizza,Electronics
,Recycled Steel Computer,"The automobile layout consists of a front-engine design, with transaxle-type transmissions mounted at the rear of the engine and four wheel drive",NYR-922,676.00,B,https://fearless-warrant.info,recycled-steel-computer,Computers
,Handcrafted Steel Pizza,The beautiful range of Apple Naturalé that has an exciting mix of natural ingredients. With the Goodness of 100% Natural Ingredients,,946.00,F,https://well-lit-bunkhouse.name,handcrafted-steel-pizza,Tools
,Elegant Wooden Pizza,"The automobile layout consists of a front-engine design, with transaxle-type transmissions mounted at the rear of the engine and four wheel drive",ESZ-388,270.00,H,https://creepy-swan.name,elegant-wooden-pizza,Grocery
,Elegant Granite Tuna,Carbonite web goalkeeper gloves are ergonomically designed to give easy fit,ISU-589,863.00,T,http://frequent-voter.info,elegant-granite-tuna,Baby
,Generic Wooden Bacon,New range of formal shirts are designed keeping you in mind. With fits and styling that will make you stand apart,FHE-181,730.00,H,http://mixed-jot.biz,generic-wooden-bacon,Books
,Handcrafted Concrete Fish,"The automobile layout consists of a front-engine design, with transaxle-type transmissions mounted at the rear of the engine and four wheel drive",SGP-530,901.00,H,http://busy-chalice.com,handcrafted-concrete-fish,Clothing
,Intelligent Wooden Fish,"The Nagasaki Lander is the trademarked name of several series of Nagasaki sport bikes, that started with the 1984 ABC800J",,276.00,O,https://slim-advice.info,intelligent-wooden-fish,Music
,Ergonomic Granite Shoes,Carbonite web goalkeeper gloves are ergonomically designed to give easy fit,EHU-596,698.00,G,http://low-spelling.biz,ergonomic-granite-shoes,Outdoors
,Gorgeous Metal Bike,Carbonite web goalkeeper gloves are ergonomically designed to give easy fit,SBJ-769,800.00,I,,gorgeous-metal-bike,Baby
,Sleek Granite Shirt,"Boston's most advanced compression wear technology increases muscle oxygenation, stabilizes active muscles",QPH-259,312.00,X,http://dense-bribery.biz,sleek-granite-shirt,Industrial
,Modern Metal Ball,"The Nagasaki Lander is the trademarked name of several series of Nagasaki sport bikes, that started with the 1984 ABC800J",DFS-767,779.00,R,http://far-off-bustle.name,modern-metal-ball,Home
,Bespoke Concrete Car,The Football Is Good For Training And Recreational Purposes,FRV-829,174.00,Y,https://insignificant-bag.net,bespoke-concrete-car,Sports
,,"The Apollotech B340 is an affordable wireless mouse with reliable connectivity, 12 months battery life and modern design",WXE-944,348.00,V,http://unsteady-hell.biz,small-cotton-hat,Home
,Generic Cotton Mouse,"Andy shoes are designed to keeping in mind durability as well as trends, the most stylish range of shoes & sandals",ZTZ-305,840.00,Q,https://turbulent-platform.info,generic-cotton-mouse,Outdoors
_id,title,description,sku,price,size,imageLink,slug,category
,Recycled Concrete Salad,Carbonite web goalkeeper gloves are ergonomically designed to give easy fit,MDQ-633,,V,https://negative-voyage.org,,Jewelery
,Luxurious Rubber Sausages,Ergonomic executive chair upholstered in bonded black leather and PVC padded seat and back for all-day comfort and support,ZSB-698,,,https://jealous-sunlamp.info,luxurious-rubber-sausages,Shoes
,Recycled Steel Hat,New range of formal shirts are designed keeping you in mind. With fits and styling that will make you stand apart,WDD-372,463.00,X,http://free-laundry.biz,recycled-steel-hat,
,Sleek Fresh Computer,The beautiful range of Apple Naturalé that has an exciting mix of natural ingredients. With the Goodness of 100% Natural Ingredients,IYL-792,112.00,K,https://gigantic-neurobiologist.biz,sleek-fresh-computer,Jewelery
,Elegant Plastic Car,The beautiful range of Apple Naturalé that has an exciting mix of natural ingredients. With the Goodness of 100% Natural Ingredients,PLE-400,454.00,P,http://innocent-eyelid.net,elegant-plastic-car,Baby
,Practical Frozen Sausages,The beautiful range of Apple Naturalé that has an exciting mix of natural ingredients. With the Goodness of 100% Natural Ingredients,NGN-989,824.00,X,http://rotten-accessory.org,practical-frozen-sausages,Automotive
,Refined Plastic Salad,,,655.00,P,http://measly-dealing.info,refined-plastic-salad,Sports
,Sleek Cotton Pants,Carbonite web goalkeeper gloves are ergonomically designed to give easy fit,FGR-875,273.00,P,https://trained-oboe.org,sleek-cotton-pants,Electronics
,Electronic Plastic Pizza,The beautiful range of Apple Naturalé that has an exciting mix of natural ingredients. With the Goodness of 100% Natural Ingredients,CYX-257,626.00,H,http://silent-lilac.net,electronic-plastic-pizza,Computers
,Intelligent Concrete Cheese,New range of formal shirts are designed keeping you in mind. With fits and styling that will make you stand apart,MDW-641,390.00,O,https://thirsty-chug.biz,intelligent-concrete-cheese,Beauty
,Recycled Soft Mouse,"Andy shoes are designed to keeping in mind durability as well as trends, the most stylish range of shoes & sandals",FTA-788,340.00,Z,https://curly-dealing.name,recycled-soft-mouse,Home
,Luxurious Metal Hat,"The Nagasaki Lander is the trademarked name of several series of Nagasaki sport bikes, that started with the 1984 ABC800J",AUJ-325,877.00,D,https://neglected-directive.net,luxurious-metal-hat,Industrial
,Intelligent Steel Sausages,"Andy shoes are designed to keeping in mind durability as well as trends, the most stylish range of shoes & sandals",SAL-837,718.00,J,https://liquid-patriot.net,intelligent-steel-sausages,
,Handmade Cotton Table,"Andy shoes are designed to keeping in mind durability as well as trends, the most stylish range of shoes & sandals",BUC-183,817.00,,http://scornful-strawman.info,handmade-cotton-table,Beauty
,Luxurious Concrete Shoes,Carbonite web goalkeeper gloves are ergonomically designed to give easy fit,JUG-602,,C,,,Industrial
,Unbranded Rubber Gloves,,RDK-849,989.00,M,https://deafening-cello.biz,unbranded-rubber-gloves,Automotive
,Incredible Wooden Table,,ABC-321,843.00,L,https://solid-sepal.net,incredible-wooden-table,Beauty
,Awesome Rubber Tuna,"Boston's most advanced compression wear technology increases muscle oxygenation, stabilizes active muscles",ICQ-146,512.00,V,https://urban-wake.name,awesome-rubber-tuna,Jewelery
,Small Concrete Tuna,Carbonite web goalkeeper gloves are ergonomically designed to give easy fit,FCP-530,401.00,,https://alarming-reparation.net,small-concrete-tuna,Music
,Fantastic Frozen Chips,"The Apollotech B340 is an affordable wireless mouse with reliable connectivity, 12 months battery life and modern design",QAY-273,787.00,J,https://glorious-asphalt.biz,fantastic-frozen-chips,Music
,Modern Bronze Gloves,New range of formal shirts are designed keeping you in mind. With fits and styling that will make you stand apart,RAR-569,949.00,T,https://devoted-scrim.info,modern-bronze-gloves,Music
,Incredible Soft Bike,"The automobile layout consists of a front-engine design, with transaxle-type transmissions mounted at the rear of the engine and four wheel drive",DGX-381,56.00,V,https://private-teaching.biz,incredible-soft-bike,Sports
,Licensed Soft Ball,"New ABC 13 9370, 13.3, 5th Gen CoreA5-8250U, 8GB RAM, 256GB SSD, power UHD Graphics, OS 10 Home, OS Office A & J 2016",ADK-997,398.00,L,,licensed-soft-ball,Toys
,Modern Soft Computer,"Andy shoes are designed to keeping in mind durability as well as trends, the most stylish range of shoes & sandals",RJY-454,973.00,Z,https://lone-group.net,modern-soft-computer,Garden
,Incredible Bronze Cheese,"Boston's most advanced compression wear technology increases muscle oxygenation, stabilizes active muscles",DEN-931,92.00,N,http://french-password.org,incredible-bronze-cheese,Sports
,Fantastic Rubber Fish,Carbonite web goalkeeper gloves are ergonomically designed to give easy fit,,,V,http://alarming-chopstick.info,fantastic-rubber-fish,Tools
,Generic Steel Shoes,The beautiful range of Apple Naturalé that has an exciting mix of natural ingredients. With the Goodness of 100% Natural Ingredients,HCS-614,328.00,J,http://sweaty-ratepayer.com,generic-steel-shoes,Garden
,Rustic Steel Chips,New range of formal shirts are designed keeping you in mind. With fits and styling that will make you stand apart,LOV-914,738.00,Y,http://waterlogged-quinoa.org,rustic-steel-chips,Shoes
,Elegant Metal Chicken,The Football Is Good For Training And Recreational Purposes,TEI-404,819.00,R,http://required-grain.com,elegant-metal-chicken,Clothing
,Practical Rubber Chair,New range of formal shirts are designed keeping you in mind. With fits and styling that will make you stand apart,TUN-158,66.00,N,https://willing-trailer.net,practical-rubber-chair,Industrial
,Luxurious Wooden Ball,"Andy shoes are designed to keeping in mind durability as well as trends, the most stylish range of shoes & sandals",,193.00,,http://unlucky-pound.net,luxurious-wooden-ball,Tools
,Electronic Cotton Table,"The Nagasaki Lander is the trademarked name of several series of Nagasaki sport bikes, that started with the 1984 ABC800J",CZI-826,697.00,G,https://respectful-burn-out.biz,electronic-cotton-table,Automotive
,Elegant Granite Keyboard,New range of formal shirts are designed keeping you in mind. With fits and styling that will make you stand apart,JII-929,605.00,T,http://raw-pig.info,elegant-granite-keyboard,Outdoors
,Handcrafted Bronze Car,"The Nagasaki Lander is the trademarked name of several series of Nagasaki sport bikes, that started with the 1984 ABC800J",CZY-420,761.00,Q,http://poised-baby.info,handcrafted-bronze-car,Shoes
,Elegant Cotton Keyboard,The Football Is Good For Training And Recreational Purposes,PXC-843,276.00,F,http://amusing-major.com,elegant-cotton-keyboard,Clothing
,Luxurious Rubber Fish,"Boston's most advanced compression wear technology increases muscle oxygenation, stabilizes active muscles",,755.00,Y,http://homely-tuition.name,luxurious-rubber-fish,Electronics
,,The slim & simple Maple Gaming Keyboard from Dev Byte comes with a sleek body and 7- Color RGB LED Back-lighting for smart functionality,OFS-303,,Y,https://unaware-edger.net,modern-wooden-hat,Home
,Gorgeous Wooden Shoes,"The Nagasaki Lander is the trademarked name of several series of Nagasaki sport bikes, that started with the 1984 ABC800J",BKL-470,237.00,W,https://delayed-hound.biz,gorgeous-wooden-shoes,Music
,,The slim & simple Maple Gaming Keyboard from Dev Byte comes with a sleek body and 7- Color RGB LED Back-lighting for smart functionality,FAP-647,,Z,http://snarling-ginseng.biz,sleek-bronze-salad,Books
,Oriental Concrete Cheese,Ergonomic executive chair upholstered in bonded black leather and PVC padded seat and back for all-day comfort and support,PUQ-861,261.00,A,https://pretty-heartwood.name,oriental-concrete-cheese,Automotive
,Fantastic Rubber Chicken,Carbonite web goalkeeper gloves are ergonomically designed to give easy fit,LGI-520,351.00,P,http://basic-dimension.net,fantastic-rubber-chicken,Sports
,Rustic Granite Tuna,Ergonomic executive chair upholstered in bonded black leather and PVC padded seat and back for all-day comfort and support,NDX-860,425.00,Z,https://unsung-shoulder.name,rustic-granite-tuna,Tools
,Ergonomic Plastic Pants,The beautiful range of Apple Naturalé that has an exciting mix of natural ingredients. With the Goodness of 100% Natural Ingredients,OCI-368,66.00,H,https://old-twig.org,ergonomic-plastic-pants,Clothing
,Licensed Rubber Table,Carbonite web goalkeeper gloves are ergonomically designed to give easy fit,VRK-975,796.00,P,http://fresh-part.org,licensed-rubber-table,Tools
,Handmade Cotton Soap,"Boston's most advanced compression wear technology increases muscle oxygenation, stabilizes active muscles",OKP-186,995.00,P,https://cumbersome-concert.com,handmade-cotton-soap,Health
,Luxurious Wooden Towels,"The automobile layout consists of a front-engine design, with transaxle-type transmissions mounted at the rear of the engine and four wheel drive",IGF-465,N/A,M,http://darling-espadrille.com,luxurious-wooden-towels,Baby
,Bespoke Wooden Car,"Andy shoes are designed to keeping in mind durability as well as trends, the most stylish range of shoes & sandals",JBI-925,520.00,E,http://rare-flour.biz,bespoke-wooden-car,Shoes
,Ergonomic Cotton Table,"Andy shoes are designed to keeping in mind durability as well as trends, the most stylish range of shoes & sandals",DZD-743,159.00,B,https://weird-lute.biz,ergonomic-cotton-table,Grocery
,Handcrafted Bronze Car,"Boston's most advanced compression wear technology increases muscle oxygenation, stabilizes active muscles",SDJ-760,496.00,U,http://distorted-murder.info,handcrafted-bronze-car,
,Licensed Plastic Sausages,"New ABC 13 9370, 13.3, 5th Gen CoreA5-8250U, 8GB RAM, 256GB SSD, power UHD Graphics, OS 10 Home, OS Office A & J 2016",ZTS-226,445.00,P,https://usable-danger.com,licensed-plastic-sausages,Sports
,Modern Plastic Chair,"Andy shoes are designed to keeping in mind durability as well as trends, the most stylish range of shoes & sandals",XAG-491,661.00,Z,http://thunderous-seashore.com,modern-plastic-chair,Garden
,Gorgeous Granite Table,"Andy shoes are designed to keeping in mind durability as well as trends, the most stylish range of shoes & sandals",BZV-320,524.00,L,http://rude-tour.biz,gorgeous-granite-table,Toys
,Unbranded Wooden Chicken,Ergonomic executive chair upholstered in bonded black leather and PVC padded seat and back for all-day comfort and support,KOK-451,718.00,Z,https://cloudy-anxiety.com,unbranded-wooden-chicken,Games
,Unbranded Steel Salad,"New ABC 13 9370, 13.3, 5th Gen CoreA5-8250U, 8GB RAM, 256GB SSD, power UHD Graphics, OS 10 Home, OS Office A & J 2016",HYF-818,218.00,P,http://belated-surgeon.name,,Electronics
,Bespoke Wooden Sausages,Carbonite web goalkeeper gloves are ergonomically designed to give easy fit,LSO-927,100.00,Y,https://well-off-tub.name,bespoke-wooden-sausages,Tools
,Fantastic Wooden Pizza,,JEY-201,124.00,G,http://well-off-paw.net,fantastic-wooden-pizza,Baby
,Refined Frozen Salad,The beautiful range of Apple Naturalé that has an exciting mix of natural ingredients. With the Goodness of 100% Natural Ingredients,ANN-225,466.00,,https://bold-crayfish.biz,,Music
,Fantastic Wooden Tuna,"The automobile layout consists of a front-engine design, with transaxle-type transmissions mounted at the rear of the engine and four wheel drive",NSU-844,532.00,K,http://measly-fawn.name,fantastic-wooden-tuna,Automotive
,Electronic Wooden Computer,New range of formal shirts are designed keeping you in mind. With fits and styling that will make you stand apart,BTL-306,693.00,E,https://clear-cut-quotation.biz,electronic-wooden-computer,Beauty
,Unbranded Concrete Shirt,New range of formal shirts are designed keeping you in mind. With fits and styling that will make you stand apart,HFU-768,347.00,O,http://light-form.name,unbranded-concrete-shirt,Games
,Modern Fresh Chips,"New ABC 13 9370, 13.3, 5th Gen CoreA5-8250U, 8GB RAM, 256GB SSD, power UHD Graphics, OS 10 Home, OS Office A & J 2016",XYX-637,760.00,U,https://courteous-facelift.com,modern-fresh-chips,Sports
,Handcrafted Frozen Chicken,The slim & simple Maple Gaming Keyboard from Dev Byte comes with a sleek body and 7- Color RGB LED Back-lighting for smart functionality,QEV-600,475.00,W,http://disastrous-competence.com,handcrafted-frozen-chicken,Computers
,Awesome Wooden Cheese,Carbonite web goalkeeper gloves are ergonomically designed to give easy fit,FKL-224,75.00,C,,,Toys
,Rustic Plastic Bacon,"Boston's most advanced compression wear technology increases muscle oxygenation, stabilizes active muscles",LBV-988,408.00,S,http://wide-speakerphone.net,rustic-plastic-bacon,Beauty
,Elegant Steel Car,Carbonite web goalkeeper gloves are ergonomically designed to give easy fit,WTK-834,418.00,,https://feminine-sensitive.info,,Health
,Electronic Soft Keyboard,"Boston's most advanced compression wear technology increases muscle oxygenation, stabilizes active muscles",TPZ-867,507.00,D,https://scared-bean.biz,electronic-soft-keyboard,Jewelery
,Oriental Fresh Chicken,"The Nagasaki Lander is the trademarked name of several series of Nagasaki sport bikes, that started with the 1984 ABC800J",ERJ-480,414.00,P,https://admirable-pentagon.name,oriental-fresh-chicken,Industrial
,Incredible Fresh Chair,Ergonomic executive chair upholstered in bonded black leather and PVC padded seat and back for all-day comfort and support,ZYC-291,932.00,A,https://abandoned-comprehension.biz,incredible-fresh-chair,Health
,Oriental Wooden Cheese,"Boston's most advanced compression wear technology increases muscle oxygenation, stabilizes active muscles",IJO-456,391.00,P,http://enormous-tube.biz,oriental-wooden-cheese,Computers
,Fantastic Fresh Ball,"Andy shoes are designed to keeping in mind durability as well as trends, the most stylish range of shoes & sandals",OAH-697,524.00,P,https://envious-leptocephalus.com,fantastic-fresh-ball,Computers
,Elegant Fresh Gloves,"The Apollotech B340 is an affordable wireless mouse with reliable connectivity, 12 months battery life and modern design",QGP-856,834.00,D,http://unacceptable-win.com,elegant-fresh-gloves,Clothing
,Incredible Fresh Tuna,"The Nagasaki Lander is the trademarked name of several series of Nagasaki sport bikes, that started with the 1984 ABC800J",VAX-265,588.00,I,,incredible-fresh-tuna,Music
,Bespoke Rubber Table,The beautiful range of Apple Naturalé that has an exciting mix of natural ingredients. With the Goodness of 100% Natural Ingredients,,961.00,T,http://merry-strap.info,bespoke-rubber-table,Jewelery
,Oriental Rubber Sausages,Ergonomic executive chair upholstered in bonded black leather and PVC padded seat and back for all-day comfort and support,TKY-152,N/A,N,http://skeletal-saxophone.net,oriental-rubber-sausages,Baby
,Sleek Concrete Computer,Carbonite web goalkeeper gloves are ergonomically designed to give easy fit,SFM-253,706.00,B,https://different-stage.name,sleek-concrete-computer,Beauty
,Recycled Metal Gloves,"The Apollotech B340 is an affordable wireless mouse with reliable connectivity, 12 months battery life and modern design",AUO-386,35.00,W,http://comfortable-bid.com,recycled-metal-gloves,
,Fantastic Metal Bike,,MIB-240,240.00,M,http://puzzling-community.org,,Baby
,Small Plastic Chips,The beautiful range of Apple Naturalé that has an exciting mix of natural ingredients. With the Goodness of 100% Natural Ingredients,EPZ-387,68.00,X,https://untimely-flash.info,small-plastic-chips,Toys
,Incredible Plastic Keyboard,"The automobile layout consists of a front-engine design, with transaxle-type transmissions mounted at the rear of the engine and four wheel drive",URZ-291,N/A,,http://pesky-vote.biz,incredible-plastic-keyboard,Sports
,Electronic Frozen Ball,The beautiful range of Apple Naturalé that has an exciting mix of natural ingredients. With the Goodness of 100% Natural Ingredients,UAT-119,274.00,C,http://tinted-pocket.com,,Beauty
,Handmade Concrete Mouse,The slim & simple Maple Gaming Keyboard from Dev Byte comes with a sleek body and 7- Color RGB LED Back-lighting for smart functionality,MBZ-650,669.00,N,https://eminent-chrysalis.biz,handmade-concrete-mouse,Movies
,Rustic Plastic Tuna,Ergonomic executive chair upholstered in bonded black leather and PVC padded seat and back for all-day comfort and support,ZEQ-227,N/A,A,https://prickly-cap.name,rustic-plastic-tuna,Movies
,Intelligent Plastic Chicken,Carbonite web goalkeeper gloves are ergonomically designed to give easy fit,OCW-755,757.00,Q,,intelligent-plastic-chicken,Toys
,Handmade Frozen Chair,The slim & simple Maple Gaming Keyboard from Dev Byte comes with a sleek body and 7- Color RGB LED Back-lighting for smart functionality,XPF-318,290.00,R,https://neglected-abbey.org,handmade-frozen-chair,Computers
,Intelligent Concrete Ball,"The Apollotech B340 is an affordable wireless mouse with reliable connectivity, 12 months battery life and modern design",JRC-878,916.00,J,https://mortified-exhibition.org,intelligent-concrete-ball,Books
,Intelligent Steel Cheese,The beautiful range of Apple Naturalé that has an exciting mix of natural ingredients. With the Goodness of 100% Natural Ingredients,ASW-289,113.00,O,http://vain-ignorant.net,intelligent-steel-cheese,Kids
,Luxurious Plastic Cheese,,NCJ-639,333.00,D,http://fearless-plugin.info,luxurious-plastic-cheese,Outdoors
,Handcrafted Cotton Gloves,The beautiful range of Apple Naturalé that has an exciting mix of natural ingredients. With the Goodness of 100% Natural Ingredients,ELC-722,366.00,D,https://reliable-socialist.name,handcrafted-cotton-gloves,Shoes
,Generic Granite Mouse,The beautiful range of Apple Naturalé that has an exciting mix of natural ingredients. With the Goodness of 100% Natural Ingredients,QFJ-574,870.00,J,https://warped-lens.net,generic-granite-mouse,Books
,Awesome Steel Chips,Carbonite web goalkeeper gloves are ergonomically designed to give easy fit,NFA-707,,I,https://likely-senate.biz,awesome-steel-chips,Shoes
,Elegant Granite Table,New range of formal shirts are designed keeping you in mind. With fits and styling that will make you stand apart,XQQ-991,151.00,O,http://adept-attribute.biz,elegant-granite-table,Books
,Incredible Metal Tuna,Carbonite web goalkeeper gloves are ergonomically designed to give easy fit,SPQ-560,236.00,C,http://inferior-powder.org,incredible-metal-tuna,Music
,Fantastic Fresh Pizza,"The Nagasaki Lander is the trademarked name of several series of Nagasaki sport bikes, that started with the 1984 ABC800J",CGR-872,,W,https://classic-sampan.org,fantastic-fresh-pizza,Tools
,Handcrafted Frozen Pizza,"The automobile layout consists of a front-engine design, with transaxle-type transmissions mounted at the rear of the engine and four wheel drive",DJF-941,13.00,G,http://complete-millimeter.org,handcrafted-frozen-pizza,Computers
,Ergonomic Frozen Keyboard,"The Nagasaki Lander is the trademarked name of several series of Nagasaki sport bikes, that started with the 1984 ABC800J",SVE-638,910.00,N,http://infatuated-castle.name,ergonomic-frozen-keyboard,Toys
,Refined Plastic Keyboard,The beautiful range of Apple Naturalé that has an exciting mix of natural ingredients. With the Goodness of 100% Natural Ingredients,COB-548,137.00,I,http://jagged-round.biz,refined-plastic-keyboard,Shoes
,Awesome Rubber Bike,"The Nagasaki Lander is the trademarked name of several series of Nagasaki sport bikes, that started with the 1984 ABC800J",KDA-905,669.00,,https://smug-smith.org,awesome-rubber-bike,Sports
,Incredible Wooden Bike,"The Nagasaki Lander is the trademarked name of several series of Nagasaki sport bikes, that started with the 1984 ABC800J",EVP-896,165.00,W,https://awesome-jiffy.biz,incredible-wooden-bike,Grocery
,Refined Wooden Soap,"Boston's most advanced compression wear technology increases muscle oxygenation, stabilizes active muscles",GKL-266,425.00,,http://stale-freight.name,refined-wooden-soap,Shoes
,Handmade Plastic Pizza,The Football Is Good For Training And Recreational Purposes,MTV-524,808.00,,https://uniform-immortal.org,handmade-plastic-pizza,Electronics
